aggregator_name,gst,grn_number,type_of_submission,purchase_invoice_number,purchase_invoice_date,dispatched_state,dispatched_place,invoice_quantity,plant_quantity,aggregator_wbs_number,aggregator_wbs_date,plant_wbs_number,plant_wbs_date,vehicle_number,eway_bill_number,lr_number,lr_date,category_name,material_name,supply_type,trader_name,trader_add,trader_gst,trader_contact_person,trader_contact,
Ak Plastic,346578FTY567567,87,Monthly,275,09-04-2022,Maharashtra,Palghar,"9,810.00","9,705.00",10559,09-04-2022,5558 /5569,11-04-2022,MH03CV6268,2814 1626 3007,,,Rigid,LDPE,hg,ht,gh,hghg,jhhg,jg,jhg
Ak Plastic,346578FTY567568,140,Monthly,277,16-04-2022,Maharashtra,Palghar,"8,530.00","8,495.00",10767,16-04-2022,5737 /5732,17-04-2022,GJ15Z1658,2414 1902 9318,,,Rigid,LDPE,hg,ht,gh,hghg,jhhg,jg,jhg
Ak Plastic,346578FTY567569,162,Monthly,278,19-04-2022,Maharashtra,Palghar,"9,500.00","9,430.00",10864,19-04-2022,5803/5808,20-04-2022,MH48AG2318,2614 2011 4894,,,Rigid,LDPE,hg,ht,gh,hghg,jhhg,jg,jhg
Ak Plastic,346578FTY567570,198,Monthly,279,22-04-2022,Maharashtra,Palghar,"9,850.00","9,740.00",10948,22-04-2022,5914 / 5917,23-04-2022,MH03DV2903,2414 2147 3800,,,Rigid,LDPE,hg,ht,gh,hghg,jhhg,jg,jhg
Ak Plastic,346578FTY567571,234,Monthly,280,26-04-2022,Maharashtra,Palghar,"9,940.00","9,880.00",11078,26-04-2022,6027 / 6030,28-04-2022,MH03CV6911,2814 2300 7344,,,Rigid,LDPE,hg,ht,gh,hghg,jhhg,jg,
Ayan Traders,346578FTY567572,85,Monthly,289,08-04-2022,Maharashtra,Pune,"12,195.00","12,060.00",4431,08-04-2022,5560 /5562,11-04-2022,DN09M9989,2414 1584 3019,,,Rigid,LDPE,hg,ht,gh,hghg,jhhg,,
Ayan Traders,346578FTY567573,144,Monthly,290,16-04-2022,Maharashtra,Pune,"11,640.00","11,610.00",184,16-04-2022,5749 /5747,18-04-2022,DN09M9989,2114 1899 4469,,,Rigid,LDPE,hg,ht,gh,,jhhg,,
Ayan Traders,346578FTY567574,256,Monthly,293,28-04-2022,Maharashtra,Pune,"9,110.00","9,080.00",34,28-04-2022,6098 / 6100,30-04-2022,DD03K9565,2114 2378 6314,,,Rigid,LDPE,hg,ht,gh,,,,
Eco Polypet India,346578FTY567575,68,Monthly,2,07-04-2022,Maharashtra,Pune,"9,066.00","9,020.00",5989,07-04-2022,5505 /5509,09-04-2022,DN09P9467,2114 1540 4929,,,Rigid,LDPE,hg,ht,gh,,,,
Eco Polypet India,346578FTY567576,204,Monthly,14,23-04-2022,Maharashtra,Pune,"8,216.00","8,215.00",6082,23-04-2022,5935 / 5938,24-04-2022,GJ15XX4368,2214 2175 8011,,,Rigid,LDPE,hg,ht,gh,,,,
Eco Polypet India,346578FTY567577,230,Monthly,16,25-04-2022,Maharashtra,Pune,"8,075.00","7,995.00",1536,25-04-2022,6015 /6019,27-04-2022,DD03K9565,2314 2248 9704,,,Rigid,LDPE,hg,ht,,,,,
Indian Recycler,346578FTY567578,62,Monthly,3,06-04-2022,Maharashtra,Pune,"8,700.00","8,645.00",309,06-04-2022,5483 /5488,08-04-2022,DN09N9361,2614 1489 9361,,,Rigid,LDPE,hg,ht,,,,,
Indian Recycler,346578FTY567579,97,Monthly,7,10-04-2022,Maharashtra,Pune,"7,054.00","6,955.00",2231,10-04-2022,5592 /5585,12-04-2022,DN09P9404,2714 1632 2491,,,Rigid,LDPE,hg,ht,,,,,
Indian Recycler,346578FTY567580,142,Monthly,12,16-04-2022,Maharashtra,Pune,"8,085.00","8,035.00",5961,16-04-2022,5745 /5742,17-04-2022,DN09Q9752,2514 1902 3920,,,Rigid,LDPE,hg,ht,,,,,
Indian Recycler,346578FTY567581,145,Monthly,11,16-04-2022,Maharashtra,Pune,"7,412.00","7,345.00",2276,16-04-2022,5746 /5750,18-04-2022,DN09R9676,2914 1902 8534,,,Rigid,LDPE,hg,ht,,,,,
Indian Recycler,346578FTY567582,168,Monthly,14,19-04-2022,Maharashtra,Pune,"7,426.00","7,445.00",6052,19-04-2022,5820/5824,21-04-2022,DN09L9032,2414 2009 6020,,,Rigid,LDPE,hg,ht,,,,,
Indian Recycler,346578FTY567583,253,Monthly,17,27-04-2022,Maharashtra,Pune,"7,070.00","7,130.00",1870,27-04-2022,6083 / 6086,30-04-2022,DN09L9032,2914 2348 9219,,,Rigid,LDPE,hg,ht,,,,,
Kachhi Eco Plastic,346578FTY567584,58,Monthly,10/2022-23,05-04-2022,Maharashtra,Pune,"10,150.00","10,050.00",5264,05-04-2022,5473 / 5475,08-04-2022,GJ15AT5602,2514 1451 2197,,,Rigid,LDPE,hg,,,,,,
Kachhi Eco Plastic,SDDD3242,182,Monthly,34/2022-23,20-04-2022,Maharashtra,Pune,"5,510.00","5,464.00",8007,20-04-2022,5867/5869,22-04-2022,DD01A9061,2414 2053 2441,,,Rigid,LDPE,hg,,,,,,
Kachhi Eco Plastic,SDDD3243,183,Monthly,33/2022-23,20-04-2022,Maharashtra,Pune,"9,555.00","9,495.00",756,20-04-2022,5868/5872,22-04-2022,DD01A9388,2014 2050 4646,,,Rigid,LDPE,hg,,,,,,
Kachhi Eco Plastic,SDDD3244,184,Monthly,35/2022-23,20-04-2022,Maharashtra,Pune,"9,105.00","9,065.00",7778,20-04-2022,5871/5876,22-04-2022,DN09S9703,2414 2058 4314,,,Rigid,LDPE,hg,,,,,,
Khusi Plastic,SDDD3245,160,Monthly,13,18-04-2022,Maharashtra,Palghar,"8,110.00","8,050.00",35,18-04-2022,5796 /5798,20-04-2022,DD01C9946,2614 1964 4641,,,Rigid,LDPE,hg,,,,,,
Khusi Plastic,SDDD3246,170,Monthly,15,20-04-2022,Maharashtra,Palghar,"10,505.00","10,440.00",7619,19-04-2022,5823/5827,21-04-2022,DN09S9237,2014 2013 3271,,,Rigid,LDPE,hg,,,,,,
Khusi Plastic,SDDD3247,193,Monthly,16,22-04-2022,Maharashtra,Pune,"8,960.00","8,865.00",2829,22-04-2022,5898/5902,23-04-2022,GJ15AT5602,2214 2103 6355,,,Rigid,LDPE,hg,,,,,,
Khusi Plastic,SDDD3248,232,Monthly,21,26-04-2022,Maharashtra,Palghar,"7,715.00","7,680.00",4582,25-04-2022,6024 / 6026,27-04-2022,MH04FJ4253,2014 2253 4964,,,Rigid,LDPE,hg,,,,,,
Khusi Plastic,SDDD3249,240,Monthly,22,26-04-2022,Maharashtra,Pune,"9,445.00","9,390.00",40,26-04-2022,6046 /6047,29-04-2022,DN09Q9246,2914 2298 4182,,,Rigid,LDPE,hg,,,,,,
Khusi Plastic,SDDD3250,250,Monthly,23,27-04-2022,Maharashtra,Palghar,"10,000.00","9,890.00",9096,27-04-2022,6072 / 6075,30-04-2022,DN09S9237,2114 2348 6539,,,Rigid,LDPE,hg,,,,,,
Labbaik Plastic and Scrap Centre ,SDDD3251,194,Monthly,103,21-04-2022,Maharashtra,Pune,"6,955.00","6,885.00",8983,21-04-2022,5901/5904,23-04-2022,DN09P9150,2014 2098 7847,,,Rigid,LDPE,hg,,,,,,
Labbaik Plastic and Scrap Centre ,SDDD3252,228,Monthly,104,26-04-2022,Maharashtra,Pune,"7,590.00","7,410.00",9105,25-04-2022,6007 /6011,27-04-2022,DN09P9988,2014 2253 5079,,,Rigid,LDPE,hg,,,,,,
Mahakal Waste Traders,SDDD3253,41,Monthly,1,04-04-2022,Maharashtra,Pune,"10,060.00","9,975.00",5055,04-04-2022,5418 /5423,06-04-2022,DN09V9426,2814 1404 3823,,,Rigid,LDPE,hg,,,,,,
Mahakal Waste Traders,SDDD3254,119,Monthly,3,13-04-2022,Maharashtra,Pune,"9,915.00","9,835.00",509,13-04-2022,5666 /5670,14-04-2022,DN09S9892,2314 1777 8956,,,Rigid,LDPE,hg,,,,,,
Mahakal Waste Traders,SDDD3255,231,Monthly,4,25-04-2022,Maharashtra,Pune,"10,080.00","9,975.00",967,25-04-2022,6018 / 6023,27-04-2022,DN09P9467,2514 2249 1044,,,Rigid,LDPE,hg,,,,,,
Mn Enterprise,SDDD3256,24,Monthly,560,03-04-2022,Maharashtra,Pune,"8,430.00","8,370.00",149,03-04-2022,5377 / 5379,05-04-2022,DD01G9284,2814 1 365 0145,,,Rigid,LDPE,hg,,,,,,
Mn Enterprise,SDDD3257,42,Monthly,562,04-04-2022,Maharashtra,Pune,"8,030.00","8,005.00",100,04-04-2022,5422 / 5427,06-04-2022,MH04FJ4253,2214 1406 9524,,,Rigid,LDPE,hg,,,,,,
Mn Enterprise,SDDD3258,71,Monthly,566,05-04-2022,Maharashtra,Pune,"8,980.00","8,920.00",437,07-04-2022,5519 /5522,09-04-2022,DN09Q9002,2914 1539 4244,,,Rigid,LDPE,hg,,,,,,
Mn Enterprise,SDDD3259,53,Monthly,563,05-04-2022,Maharashtra,Pune,"10,015.00","9,960.00",1405,05-04-2022,5457 / 5464,07-04-2022,DN09S9892,2714 1449 8819,,,Rigid,LDPE,hg,,,,,,
Mn Enterprise,SDDD3260,104,Monthly,568,10-04-2022,Maharashtra,Pune,"8,770.00","8,690.00",3227/332,10-04-2022,5620 /5623,13-04-2022,DN09N9883,2214 1642 4903,,,Rigid,LDPE,hg,,,,,,
Mn Enterprise,SDDD3261,121,Monthly,569,12-04-2022,Maharashtra,Pune,"9,275.00","9,230.00",952,12-04-2022,5669 /5672,15-04-2022,DD01A9835,2914 1729 4153,,,Rigid,LDPE,hg,,,,,,
Mn Enterprise,SDDD3262,138,Monthly,573,16-04-2022,Maharashtra,Pune,"7,910.00","7,865.00",4635,16-04-2022,5729 /5725,17-04-2022,DN09N9750,2114 1901 6788,,,Rigid,LDPE,hg,,,,,,
Mn Enterprise,SDDD3263,146,Monthly,572,16-04-2022,Maharashtra,Pune,"7,850.00","7,800.00",963,16-04-2022,5754 /5752,18-04-2022,MH12HD1676,2214 1901 4673,,,Rigid,LDPE,hg,,,,,,
Mn Enterprise,SDDD3264,151,Monthly,576,17-04-2022,Maharashtra,Pune,"9,770.00","9,670.00",1611/649,17-04-2022,5774 /5772,19-04-2022,DN09N9751,2914 1918 7202,,,Rigid,LDPE,hg,,,,,,
Mn Enterprise,SDDD3265,152,Monthly,575,17-04-2022,Maharashtra,Pune,"9,630.00","9,580.00",3302,17-04-2022,5775 /5771,19-04-2022,GJ15AT5602,2214 1918 3580,,,Rigid,LDPE,hg,,,,,,
Mn Enterprise,SDDD3266,171,Monthly,579,19-04-2022,Maharashtra,Pune,"7,905.00","7,880.00",8258/1829,19-04-2022,5834 /5828,21-04-2022,MH04FJ4253,2614 2010 5562,,,Rigid,LDPE,hg,,,,,,
Mn Enterprise,SDDD3267,179,Monthly,580,20-04-2022,Maharashtra,Pune,"9,535.00","9,475.00",1484,20-04-2022,5859 /5854,22-04-2022,DN09N9361,2714 2055 9957,,,Rigid,LDPE,hg,,,,,,
Mn Enterprise,SDDD3268,229,Monthly,584,25-04-2022,Maharashtra,Pune,"9,660.00","9,620.00",7078,25-04-2022,6012 /6016,27-04-2022,DD01A9388,2914 2252 0564,,,Rigid,LDPE,hg,,,,,,
Mn Enterprise,SDDD3269,242,Monthly,585,26-04-2022,Maharashtra,Pune,"11,630.00","11,540.00",3063,26-04-2022,6049 /6053,29-04-2022,DD01F9852,2314 2299 1931,,,Rigid,LDPE,hg,,,,,,
Mn Enterprise,SDDD3270,243,Monthly,586,26-04-2022,Maharashtra,Pune,"8,275.00","8,155.00",1002,26-04-2022,6057 / 6052,29-04-2022,DN09N9787,2914 2300 4418,,,Rigid,LDPE,,,,,,,
Nande Sales,SDDD3271,94,Monthly,238,09-04-2022,Maharashtra,Pune,"8,990.00","8,945.00",6961,09-04-2022,5584 /5589,12-04-2022,GJ15AT5602,2714 1622 6135,,,Rigid,LDPE,,,,,,,
Nande Sales,SDDD3272,100,Monthly,239,10-04-2022,Maharashtra,Pune,"8,505.00","8,475.00",7012 /6987,10-04-2022,5603 /5609,12-04-2022,DN09S9892, 2214 1638 6265 ,,,Rigid,LDPE,,,,,,,
Nande Sales,SDDD3273,252,Monthly,240,27-04-2022,Maharashtra,Pune,"9,045.00","8,975.00",7735,27-04-2022,6076 /6082,30-04-2022,GJ15AT5602,2714 2349 1487,,,Rigid,LDPE,,,,,,,
Nd Sarkar Enterprises,SDDD3274,107,Monthly,15,11-04-2022,Maharashtra,Nashik,"10,555.00","10,455.00",529,11-04-2022,5629 /5632,13-04-2022,GJ15XX5388,2914 1688 1394,,,Rigid,LDPE,,,,,,,
Nd Sarkar Enterprises,SDDD3275,203,Monthly,16,22-04-2022,Maharashtra,Nashik,"10,240.00","10,180.00",1279,22-04-2022,5926 / 5930,24-04-2022,MH15HH2846,2714 2147 3304,,,Rigid,LDPE,,,,,,,
Payal Plastic,SDDD3276,221,Monthly,10,24-04-2022,Maharashtra,Solapur,"9,795.00","9,695.00",2713,24-04-2022,5973 / 5988,26-04-2022,MH12QW9016,2614 2203 0064,,,Rigid,LDPE,,,,,,,
Race Eco Chain Limited,SDDD3277,1,Monthly,GST-006-22-23,01-04-2022,Maharashtra,Thane,"8,415.00","8,325.00",9745,01-04-2022,5318 / 5316,02-04-2022,MH03DV2901,4112 4145 6189,,,Rigid,LDPE,,,,,,,
Rapidue Technologies Pvt Ltd,SDDD3278,70,Monthly,23/MPPET/INV0069,07-04-2022,Maharashtra,Pune,"8,340.00","8,275.00",4240,07-04-2022,5518 /5516,09-04-2022,MH12MV6633,1214 5878 2589,,,Rigid,LDPE,,,,,,,
Rojmin Plastics,SDDD3279,5,Monthly,1,01-04-2022,Maharashtra,Nashik,"6,265.00","6,215.00",3699,01-04-2022,5322 / 5326,03-04-2022,MH04CU5333,2114 1321 4573,,,Rigid,LDPE,,,,,,,
Roongta Traders,SDDD3280,95,Monthly,29,10-04-2022,Maharashtra,Thane,"10,160.00","10,060.00",61251,09-04-2022,5587 /5588,12-04-2022,MH48CB3689,2514 1627 1621,,,Rigid,LDPE,,,,,,,
Roongta Traders,SDDD3281,147,Monthly,56,17-04-2022,Maharashtra,Thane,"9,110.00","9,065.00",62439,17-04-2022,5758 /5755,18-04-2022,MH03DV0147,2714 1920 3838,,,Rigid,LDPE,,,,,,,
Sana Plastic,SDDD3282,2,Monthly,SP/01/2022,01-04-2022,Maharashtra,Mumbai,"10,640.00","10,565.00",10255,01-04-2022,5317 / 5319,02-04-2022,MH02FG2977,2414 1318 2422,,,Rigid,LDPE,,,,,,,
Sana Plastic,SDDD3283,47,Monthly,SP/02/2022,05-04-2022,Maharashtra,Mumbai,"10,320.00","10,280.00",6013,05-04-2022,5439 / 5443,07-04-2022,GJ15AT7707,2414 1449 2755,,,Rigid,LDPE,,,,,,,
Sana Plastic,SDDD3284,63,Monthly,SP/03/2022,06-04-2022,Maharashtra,Mumbai,"8,290.00","8,205.00",60705 /60757,06-04-2022,5487 /5492,08-04-2022,MH02FG2977,2114 1496 7704,,,Rigid,LDPE,,,,,,,
Sana Plastic,SDDD3285,80,Monthly,SP/04/2022,09-04-2022,Maharashtra,Mumbai,"12,490.00","12,405.00",6336 /11477,08-04-2022,5543 /5551,10-04-2022,GJ15AT7707,2514 1586 1676,,,Rigid,LDPE,,,,,,,
Shree Ram Enterprise,SDDD3286,165,Monthly,SRE22-23-02,19-04-2022,Maharashtra,Dombivli,"9,250.00","9,160.00",4355,19-04-2022,5814/5819,20-04-2022,UP63BT1074,2114 2011 8648,,,Rigid,LDPE,,,,,,,
Shreenath Plastic,SDDD3287,89,Monthly,24,08-04-2022,Maharashtra,Pune,"8,100.00","8,020.00",5468,08-04-2022,5573 /5571,11-04-2022,DD01A9061,2514 1585 4791,,,Rigid,LDPE,,,,,,,
Shreenath Plastic,SDDD3288,208,Monthly,30,23-04-2022,Maharashtra,Pune,"8,850.00","8,840.00",6399,23-04-2022,5944 / 5947,25-04-2022,DN09M9989,2714 2190 2064,,,Rigid,LDPE,,,,,,,
Shreenath Plastic,SDDD3289,131,Monthly,27,15-04-2022,Maharashtra,Palghar,"8,510.00","8,480.00",10729,15-04-2022,5705 /5701,16-04-2022,MH48BM6183,2614 1851 6156,,,Rigid,LDPE,,,,,,,
Shreenath Plastic,SDDD3290,172,Monthly,28,20-04-2022,Maharashtra,Palghar,"8,400.00","8,340.00",10883,20-04-2022,5846 /5840,21-04-2022,MH47AS0640,2814 2049 8330,,,Rigid,LDPE,,,,,,,
AH scrap traders,SDDD3291,316,Monthly,204,05-05-2022,Maharashtra,Mumbai,"10,440.00","10,375.00",402,05-05-2022,6282 / 6285,08-05-2022,MH03CV5126,2114 2667 6575,,,Rigid,LDPE,,,,,,,
AH scrap traders,SDDD3292,340,Monthly,205,07-05-2022,Maharashtra,Mumbai,"12,960.00","12,920.00",11331,06-05-2022,6362 / 6366,11-05-2022,DD01C9472,2214 2752 2634,,,Rigid,LDPE,,,,,,,
AH scrap traders,SDDD3293,499,Monthly,212,28-05-2022,Maharashtra,Mumbai,"9,480.00","9,400.00",895,07-05-2022,007/ 11 ,30-05-2022,MH16CC6775,2214 3587 9001,,,Rigid,LDPE,,,,,,,
Ayan traders,SDDD3294,306,Monthly,294,04-05-2022,Maharashtra,Pune,"9,610.00","9,525.00",2823,04-05-2022,6247 / 6251,06-05-2022,DN09M9989,2614 2624 4054,,,Rigid,LDPE,,,,,,,
Ayan traders,SDDD3295,362,Monthly,295,12-05-2022,Maharashtra,Pune,"7,135.00","7,070.00",3915,12-05-2022,6419 / 6424,14-05-2022,MH04FJ4253,2814 2940 2262,,,Rigid,LDPE,,,,,,,
Ayan traders,SDDD3296,372,Monthly,296,13-05-2022,Maharashtra,Pune,"10,020.00","9,960.00",4110,14-05-2022,6445 / 6452,15-05-2022,DN09M9989,2714 2986 3198,,,Rigid,LDPE,,,,,,,
Ayan traders,SDDD3297,436,Monthly,297,20-05-2022,Maharashtra,Pune,"10,795.00","10,675.00",5044,20-05-2022,6645 / 6648,22-05-2022,DN09M9989,2114 3219 2490,,,Rigid,LDPE,,,,,,,
Ayan traders,SDDD3298,462,Monthly,298,22-05-2022,Maharashtra,Pune,"7,300.00","7,215.00",5293,22-05-2022,6724 / 6727,25-05-2022,MH04FJ4253,2914 3304 7292,,,Rigid,LDPE,,,,,,,
Ayan traders,SDDD3299,481,Monthly,299,25-05-2022,Maharashtra,Pune,"10,250.00","10,105.00",5748,25-05-2022,6792 / 6796,28-05-2022,DN09M9989,2214 3411 1508,,,Rigid,LDPE,,,,,,,
Eco polypet India,SDDD3300,368,Monthly,24,13-05-2022,Maharashtra,Pune,"7,142.00","7,110.00",2413,13-05-2022,6440 / 6443,14-05-2022,DN09L9032,2514 2983 3319,,,Rigid,LDPE,,,,,,,
Eco polypet India,SDDD3301,373,Monthly,25,13-05-2022,Maharashtra,Pune,"7,470.00","7,465.00",4542,13-05-2022,6454 /6457,15-05-2022,DN09N9361,2914 2983 4343,,,Rigid,LDPE,,,,,,,
Eco polypet India,SDDD3302,392,Monthly,26,14-05-2022,Maharashtra,Pune,"9,400.00","9,240.00",6286,14-05-2022,6516 / 6518,17-05-2022,DD01H9501,2614 3026 1713,,,Rigid,LDPE,,,,,,,
Eco polypet India,SDDD3303,408,Monthly,27,15-05-2022,Maharashtra,Pune,"10,550.00","10,520.00",7732,15-05-2022,6560 / 6565,18-05-2022,DD01G9187,2214 3041 3763,,,Rigid,LDPE,,,,,,,
Eco polypet India,SDDD3304,460,Monthly,31,21-05-2022,Maharashtra,Pune,"8,400.00","8,345.00",5535,21-05-2022,6720 / 6723,25-05-2022,DN09N9361,2914 3301 8412,,,Rigid,LDPE,,,,,,,
Indian Recycler,SDDD3305,324,Monthly,23,05-05-2022,Maharashtra,Pune,"9,028.00","9,020.00",6188,05-05-2022,6303 /6321,09-05-2022,DN09P9467,2514 2667 6494,,,Rigid,LDPE,,,,,,,
Indian Recycler,SDDD3306,325,Monthly,21,05-05-2022,Maharashtra,Pune,"8,090.00","8,055.00",3556,05-05-2022,6320 / 6323,10-05-2022,DN09V9474,2814 2658 5920,,,Rigid,LDPE,,,,,,,
Jaiswal treading company,SDDD3307,449,Monthly,175,20-05-2022,Maharashtra,Nashik,"9,185.00","9,115.00",1918,20-05-2022,6683 / 6688,23-05-2022,MP09GG9336,2914 3255 8076,,,Rigid,LDPE,,,,,,,
Jaimal akhtar mohd sadde kazi,SDDD3308,333,Monthly,2,06-05-2022,Maharashtra,Thane,"9,690.00","9,610.00",39023,06-05-2022,6340 / 6347,10-05-2022,MH03CV8930,2514 2710 6044,,,Rigid,LDPE,,,,,,,
Kacchi eco plastic,SDDD3309,326,Monthly,65/2022-23,05-05-2022,Maharashtra,Satara,"9,210.00","9,165.00",254,05-05-2022,6322 / 6326,10-05-2022,GJ15AT5602,2314 2668 4305,,,Rigid,LDPE,,,,,,,
Kacchi eco plastic,SDDD3310,336,Monthly,67/2022-23,06-05-2022,Maharashtra,Satara,"5,680.00","5,625.00",8701,06-05-2022,6348 /6355,11-05-2022,GJ15AT1315,2414 2703 3129,,,Rigid,LDPE,,,,,,,
Kacchi eco plastic,SDDD3311,339,Monthly,68/2022-23,06-05-2022,Maharashtra,Satara,"10,185.00","10,120.00",7138,06-05-2022,6358 / 6363,11-05-2022,DD01A9388,2214 2710 1545,,,Rigid,LDPE,,,,,,,
Khushi Plastic,SDDD3312,338,Monthly,27,07-05-2022,Maharashtra,Palghar,"9,130.00","9,055.00",15670,06-05-2022,6351 /6357,11-05-2022,DN09S9703,2914 2712 5038,,,Rigid,LDPE,,,,,,,
Khushi Plastic,SDDD3313,461,Monthly,34,22-05-2022,Maharashtra,Palghar,"11,095.00","10,995.00",5120,21-05-2022,6722 /6725,25-05-2022,DD01A9388,2114 3304 5768,,,Rigid,LDPE,,,,,,,
Khushi Plastic,SDDD3314,474,Monthly,37,23-05-2022,Maharashtra,Pune,"10,020.00","9,925.00",3866,23-05-2022,6767 /6770,27-05-2022,DN09S9237,2014 3364 3428,,,Rigid,LDPE,,,,,,,
Khushi Plastic,SDDD3315,476,Monthly,36,23-05-2022,Maharashtra,Pune,"10,270.00","10,195.00",3869,23-05-2022,6769 / 6772,27-05-2022,DN09S9628,2114 3362 3902,,,Rigid,LDPE,,,,,,,
Labbaik plastic and scrap center,SDDD3316,395,Monthly,107,14-05-2022,Maharashtra,Pune,"7,190.00","7,150.00",9798,14-05-2022,6520 / 6528,17-05-2022,DN09P9150,2414 3026 3036,,,Rigid,LDPE,,,,,,,
Labbaik plastic and scrap center,SDDD3317,396,Monthly,106,14-05-2022,Maharashtra,Pune,"7,275.00","7,230.00",9783,14-05-2022,6529 / 6531,17-05-2022,DN09P9988,2414 3017 1292,,,Rigid,LDPE,,,,,,,
Lucky traders,SDDD3318,409,Monthly,50,15-05-2022,Maharashtra,Sangali,"10,230.00","10,205.00",488481,15-05-2022,6561 /6566,19-05-2022,MH50N1188,2914 3041  0781,,,Rigid,LDPE,,,,,,,
Mahakal waste traders,SDDD3319,445,Monthly,6,20-05-2022,Maharashtra,Pune,"10,110.00","10,015.00",615,20-05-2022,6668 / 6675,23-05-2022,DN09V9956,2714 3259 0693,,,Rigid,LDPE,,,,,,,
Mahakal waste traders,SDDD3320,501,Monthly,7,28-05-2022,Maharashtra,Pune,"9,855.00","9,780.00",948,28-05-2022,13/16,31-05-2022,DN09R9204,2614 3588 7709,,,Rigid,LDPE,,,,,,,
MN enterprises,SDDD3321,269,Monthly,590,29-04-2022,Maharashtra,Pune,"10,070.00","10,075.00",30841,29-04-2022,6133 / 6136,02-05-2022,MH14DM6088,2214 2442 0063,,,Rigid,LDPE,,,,,,,
MN enterprises,SDDD3322,273,Monthly,591,30-04-2022,Maharashtra,Pune,"7,160.00","7,125.00",2580,30-04-2022,6140 /6146,02-05-2022,MH04FJ4253,2114 2495 6747,,,Rigid,LDPE,,,,,,,
MN enterprises,SDDD3323,311,Monthly,595,04-05-2022,Maharashtra,Pune,"9,725.00","9,640.00",26186,04-05-2022,6262 / 6272,07-05-2022,MH14GU2798,2414 2626 7365,,,Rigid,LDPE,,,,,,,
MN enterprises,SDDD3324,334,Monthly,597,06-05-2022,Maharashtra,Pune,"10,660.00","10,535.00",5740,06-05-2022,6344 / 6349,10-05-2022,DN09S9237,2614 2709 0977,,,Rigid,LDPE,,,,,,,
MN enterprises,SDDD3325,337,Monthly,596,06-05-2022,Maharashtra,Pune,"7,995.00","7,965.00",3709/ 9550,06-05-2022,6350 / 6356,11-05-2022,MH04FJ4253,2514 2708 0748,,,Rigid,LDPE,,,,,,,
MN enterprises,SDDD3326,354,Monthly,601,10-05-2022,Maharashtra,Pune,"8,435.00","8,400.00",176/ 4715,10-05-2022,6393 / 6404,13-05-2022,DN09N9787,2214 2851 8843,,,Rigid,LDPE,,,,,,,
MN enterprises,SDDD3327,356,Monthly,602,11-05-2022,Maharashtra,Pune,"9,225.00","9,180.00",4303,11-05-2022,6406 /6410,13-05-2022,DN09R9938,2214 2894 4035,,,Rigid,LDPE,,,,,,,
MN enterprises,SDDD3328,364,Monthly,604,13-05-2022,Maharashtra,Pune,"9,810.00","9,745.00",6667,13-05-2022,6433 /6429,14-05-2022,DD01F9473,2914 2980 8872,,,Rigid,LDPE,,,,,,,
MN enterprises,SDDD3329,388,Monthly,605,14-05-2022,Maharashtra,Pune,"9,330.00","9,350.00",9475,14-05-2022,6502 / 6504,17-05-2022,DN09N9787,2414 3022 9728,,,Rigid,LDPE,,,,,,,
MN enterprises,SDDD3330,399,Monthly,606,15-05-2022,Maharashtra,Pune,"9,050.00","8,990.00",4794 / 6050,15-05-2022,6534 /6538,18-05-2022,DN09R9938,2114 3040 1075,,,Rigid,LDPE,,,,,,,
MN enterprises,SDDD3331,416,Monthly,609,16-05-2022,Maharashtra,Pune,"11,440.00","11,380.00",41394,16-05-2022,6592 /6583,20-05-2022,GJ15X8139,2614 3084 2394,,,Rigid,LDPE,,,,,,,
MN enterprises,SDDD3332,437,Monthly,610,19-05-2022,Maharashtra,Pune,"8,760.00","8,695.00",571 / 5320,19-05-2022,6642 / 6649,22-05-2022,DN09N9787,2314 3216 7605,,,Rigid,LDPE,,,,,,,
MN enterprises,SDDD3333,442,Monthly,611,19-05-2022,Maharashtra,Pune,"10,330.00","10,335.00",4858,19-05-2022,6663 / 6667,22-05-2022,DN09P9862,2714 3217 5840,,,Rigid,LDPE,,,,,,,
MN enterprises,SDDD3334,450,Monthly,613,20-05-2022,Maharashtra,Pune,"10,130.00","10,130.00",8671,20-05-2022,6687 / 6695,23-05-2022,DN09V9759,2414 3259 9968,,,Rigid,LDPE,,,,,,,
MN enterprises,SDDD3335,457,Monthly,615,21-05-2022,Maharashtra,Pune,"9,100.00","9,055.00",5518,21-05-2022,6710 / 6716,24-05-2022,DN09R9938,2514 3301 7165,,,Rigid,LDPE,,,,,,,
MN enterprises,SDDD3336,469,Monthly,617,22-05-2022,Maharashtra,Pune,"8,165.00","8,155.00",7749,22-05-2022,6745 / 6748,26-05-2022,DN09Q9002,2814 3319 4470,,,Rigid,LDPE,,,,,,,
MN enterprises,SDDD3337,480,Monthly,618,24-05-2022,Maharashtra,Pune,"9,280.00","8,225.00",5903,24-05-2022,6790 / 6793,28-05-2022,DN09N9787,2014 3408 3582,,,Rigid,LDPE,,,,,,,
MN enterprises,SDDD3338,488,Monthly,620,26-05-2022,Maharashtra,Pune,"10,180.00","10,080.00",27962,26-05-2022,6813 /6816,29-05-2022,MH14GU2798,2914 3502 7461,,,Rigid,LDPE,,,,,,,
Plastic scrap tradings,SDDD3339,352,Monthly,256,10-05-2022,Maharashtra,Pune,"10,440.00","10,395.00",7459,10-05-2022,6394 / 6399,13-05-2022,DD01G9938,2814 2851 8672,,,Rigid,LDPE,,,,,,,
Plastic scrap tradings,SDDD3340,391,Monthly,257,14-05-2022,Maharashtra,Pune,"9,700.00","9,650.00",7812,14-05-2022,6508 /6515,17-05-2022,DN09Q9752,2314 3024 8379,,,Rigid,LDPE,,,,,,,
Plastic scrap tradings,SDDD3341,434,Monthly,258,19-05-2022,Maharashtra,Pune,"10,560.00","10,520.00",8149,19-05-2022,6639 / 6643,21-05-2022,DN09N9731,2314 3211 7332,,,Rigid,LDPE,,,,,,,
Plastic scrap tradings,SDDD3342,504,Monthly,260,28-05-2022,Maharashtra,Pune,"8,740.00","8,695.00",8822,28-05-2022,19/28,31-05-2022,DN09Q9002,2314 3574 2061,,,Rigid,LDPE,,,,,,,
Pyramid plast,SDDD3343,291,Monthly,7,03-05-2022,Maharashtra,Mumbai,"10,190.00","9,520.00",15768,03-05-2022,6202,04-05-2022,MH48AY6234,2614 2585 8450,,,Rigid,LDPE,,,,,,,
Shri hari plastic,SDDD3344,268,Monthly,32,30-04-2022,Maharashtra,Pune,"8,710.00","8,620.00",6767,30-04-2022,6129 /6132,02-05-2022,DN09M9989,2014 2448 2111,,,Rigid,LDPE,,,,,,,
Shri hari plastic,SDDD3345,329,Monthly,38,06-05-2022,Maharashtra,Thane,"9,260.00","9,195.00",34545,06-05-2022,6331 / 6337,10-05-2022,MH47AS0640,2014 2711 3445,,,Rigid,LDPE,,,,,,,
Shri hari plastic,SDDD3346,347,Monthly,42,10-05-2022,Maharashtra,Pune,"8,815.00","8,760.00",7361,09-05-2022,6374 / 6384,12-05-2022,DN09M9989,2614 2815 7044,,,Rigid,LDPE,,,,,,,
Shri hari plastic,SDDD3347,357,Monthly,45,12-05-2022,Maharashtra,Nalasopara,"8,370.00","8,345.00",11479,12-05-2022,6409 / 6413,13-05-2022,MH47AS0640,2414 2938 6245,,,Rigid,LDPE,,,,,,,
Shri hari plastic,SDDD3348,427,Monthly,54,18-05-2022,Maharashtra,Pune,"8,150.00","8,075.00",7779,18-05-2022,6618 / 6621,21-05-2022,DN09S9345,2114 3172 8069,,,Rigid,LDPE,,,,,,,
Shri hari plastic,SDDD3349,473,Monthly,60,23-05-2022,Maharashtra,Ahmednagar,"11,855.00","11,870.00",6847,23-05-2022,6759 /6768,26-05-2022,GJ15Z0501,2614 3363 2200,,,Rigid,LDPE,,,,,,,
Shri hari plastic,SDDD3350,497,Monthly,68,27-05-2022,Maharashtra,Pune,"8,235.00","8,155.00",8401,27-05-2022,01  / 004,30-05-2022,DN09S9345,2314 3548 0497,,,Rigid,LDPE,,,,,,,
Shri Virbhadra Enterprises,SDDD3351,503,Monthly,59,28-05-2022,Maharashtra,Solapur,"9,850.00","9,805.00",4485,28-05-2022,017 / 020,31-05-2022,MH13CU8535,2314 3568 9672,,,Rigid,LDPE,,,,,,,
SK plastic,SDDD3352,403,Monthly,5,15-05-2022,Maharashtra,Nashik,"8,075.00","8,040.00",8682,15-05-2022,6544 /6550,18-05-2022,GJ15YY0100,2814 3041 2164,,,Rigid,LDPE,,,,,,,
SP enterprises,SDDD3353,296,Monthly,07/22-23,03-05-2022,Maharashtra,Mumbai,"10,015.00","9,960.00",3865,03-05-2022,6221 / 6224,06-05-2022,MH03DV2903,2714 2584 7240,,,Rigid,LDPE,,,,,,,
SP enterprises,SDDD3354,366,Monthly,10/22-23,13-05-2022,Maharashtra,Mumbai,"9,870.00","9,830.00",5112,13-05-20220,6432 / 6437,14-05-2022,MH03DV2903,2414 2980 1409,,,Rigid,LDPE,,,,,,,
UMM recycling,SDDD3355,446,Monthly,22-23/185,20-05-2022,Maharashtra,Pune,"9,990.00","9,935.00",10006,20-05-2022,6674,23-05-2022,DD01A9327,2614 3259 5665,,,Rigid,LDPE,,,,,,,
Ah Scrap Traders,SDDD3356,534,Monthly,213,02-06-2022,Maharashtra,Mumbai,"9,990.00","9,985.00",12084,02-06-2022,109 / 114,03-06-2022,MH03CV5126,2214 3795 8803,,,Rigid,LDPE,,,,,,,
Ah Scrap Traders,SDDD3357,563,Monthly,214,05-06-2022,Maharashtra,Mumbai,"10,290.00","10,265.00",1057,05-06-2022,199 / 202,07-06-2022,MH03CV5126,2714 3894 1399,,,Rigid,LDPE,,,,,,,
Ah Scrap Traders,SDDD3358,606,Monthly,215,11-06-2022,Maharashtra,Mumbai,"12,050.00","12,010.00",12289,11-06-2022,332 / 335,12-06-2022,DD01C9306,2114 4119 1516,,,Rigid,LDPE,,,,,,,
Ah Scrap Traders,SDDD3359,641,Monthly,216,14-06-2022,Maharashtra,Mumbai,"10,240.00","10,200.00",1269,14-06-2022,436 /438,16-06-2022,MH48BM8416,2014 4252 0141,,,Rigid,LDPE,,,,,,,
Ak Plastic Scrap Traders,SDDD3360,513,Monthly,379,30-05-2022,Maharashtra,Mumbai,"10,620.00","10,550.00",20874,30-05-2022,46 / 51,01-06-2022,MH48BM8416,2414 3627 3592,,,Rigid,LDPE,,,,,,,
Ak Plastic Scrap Traders,SDDD3361,524,Monthly,380,31-05-2022,Maharashtra,Mumbai,"11,570.00","11,505.00",21178,31-05-2022,83 / 86,02-06-2022,GJ15AT6202,2914 3710 1594,,,Rigid,LDPE,,,,,,,
Ak Plastic Scrap Traders,SDDD3362,530,Monthly,381,01-06-2022,Maharashtra,Mumbai,"12,250.00","12,210.00",21390,01-06-2022,95 / 100,03-06-2022,GJ15AT7707,2414 3749 4572,,,Rigid,LDPE,,,,,,,
Ak Plastic Scrap Traders,SDDD3363,542,Monthly,382,03-06-2022,Maharashtra,Mumbai,"11,460.00","11,430.00",21754,03-06-2022,141 / 144,05-06-2022,MH47AS4862,2014 3818 0579,,,Rigid,LDPE,,,,,,,
Ak Plastic Scrap Traders,SDDD3364,565,Monthly,383,05-06-2022,Maharashtra,Mumbai,"10,520.00","10,450.00",22100,05-06-2022,203/ 207,07-06-2022,MH48BM8416,2514 3893 2665,,,Rigid,LDPE,,,,,,,
Ak Plastic Scrap Traders,SDDD3365,581,Monthly,384,07-06-2022,Maharashtra,Mumbai,"11,380.00","11,340.00",22449,07-06-2022,255 / 258,09-06-2022,MH47AS4862,2914 3965 1998,,,Rigid,LDPE,,,,,,,
Ak Plastic Scrap Traders,SDDD3366,588,Monthly,385,08-06-2022,Maharashtra,Mumbai,"10,620.00","10,550.00",22671,08-06-2022,277/ 280,09-06-2022,MH48BM8417,2614 4018 5896,,,Rigid,LDPE,,,,,,,
Ak Plastic Scrap Traders,SDDD3367,598,Monthly,386,09-06-2022,Maharashtra,Mumbai,"12,580.00","12,575.00",22929,09-06-2022,310 /313,11-06-2022,GJ15AT7707,2614 4071 3077,,,Rigid,LDPE,,,,,,,
Ak Plastic Scrap Traders,SDDD3368,614,Monthly,387,11-06-2022,Maharashtra,Mumbai,"11,470.00","11,445.00",23264,11-06-2022,357 / 360,13-06-2022,MH48BM1786,2414 4152 9167 ,,,Rigid,LDPE,,,,,,,
Ak Plastic Scrap Traders,SDDD3369,636,Monthly,388,13-06-2022,Maharashtra,Mumbai,"12,580.00","12,495.00",23592,13-06-2022,422 / 429,15-06-2022,GJ15AT7707,2314 4217 5784,,,Rigid,LDPE,,,,,,,
Anil Traders,SDDD3370,514,Monthly,AT/22-23/41,30-05-2022,Maharashtra,Mumbai,"9,525.00","9,450.00",2542,30-05-2022,52 / 56,01-06-2022,MH48CB3260,2014 3657 6530,,,Rigid,LDPE,,,,,,,
Armaan  Plastics,SDDD3371,595,Monthly,AR/067/22-23,09-06-2022,Maharashtra,Mumbai,"10,000.00","9,935.00",8418,09-06-2022,301 / 306,10-06-2022,MH03DV2901,2414 4047 6244,,,Rigid,LDPE,,,,,,,
Armaan  Plastics,SDDD3372,608,Monthly,AR/068/22-23,11-06-2022,Maharashtra,Mumbai,"8,460.00","8,385.00",8605,11-06-2022,336 / 341,12-06-2022,MH03CV6268,2114 4120 9215,,,Rigid,LDPE,,,,,,,
Armaan  Plastics,SDDD3373,610,Monthly,AR/069/22-23,11-06-2022,Maharashtra,Mumbai,"10,025.00","10,040.00",40810,11-06-2022,347 / 352,12-06-2022,MH48BM5649,2714 4158 2916,,,Rigid,LDPE,,,,,,,
Armaan  Plastics,SDDD3374,621,Monthly,AR-070-22-23,12-06-2022,Maharashtra,Mumbai,"9,790.00","9,710.00",2418,12-06-2022,377 / 380,13-06-2022,MH03CV9922,2214 4175 4408,,,Rigid,LDPE,,,,,,,
Armaan  Plastics,SDDD3375,643,Monthly,AR/071/22-23,15-06-2022,Maharashtra,Mumbai,"9,260.00","9,225.00",4491,14-06-2022,445 / 449,16-06-2022,MH48AG7989,2614 4265 8565,,,Rigid,LDPE,,,,,,,
Armaan  Plastics,SDDD3376,655,Monthly,AR/072/22-23,15-06-2022,Maharashtra,Mumbai,"12,590.00","12,575.00",12422,15-06-2022,485 / 492,18-06-2022,DD01C9860,2114 4309 1032,,,Rigid,LDPE,,,,,,,
Ayan Traders,SDDD3377,518,Monthly,300,30-05-2022,Maharashtra,Pune,"9,455.00","9,355.00",6471,30-05-2022,66 / 68,02-06-2022,DN09M9989,2614 3656 6654,,,Rigid,LDPE,,,,,,,
Ayan Traders,SDDD3378,547,Monthly,302,02-06-2022,Maharashtra,Pune,"9,760.00","9,640.00",6879,02-06-2022,130 / 153 /157,05-06-2022,DD01A9453,2714 3794 2504,,,Rigid,LDPE,,,,,,,
Ayan Traders,SDDD3379,576,Monthly,303,06-06-2022,Maharashtra,Pune,"7,730.00","7,635.00",7466,06-06-2022,235 / 243,08-06-2022,MH04FJ4253,2914 3936 1985,,,Rigid,LDPE,,,,,,,
Ayan Traders,SDDD3380,597,Monthly,304,09-06-2022,Maharashtra,Pune,"9,480.00","9,455.00",7954,09-06-2022,309 / 311,11-06-2022,DD01A9453,2214 4071 2621,,,Rigid,LDPE,,,,,,,
Ayan Traders,SDDD3381,639,Monthly,305,13-06-2022,Maharashtra,Pune,"7,670.00","7,325.00",8540,13-06-2022,432 /435,16-06-2022,DD01A9061,2514 4217 9034,,,Rigid,LDPE,,,,,,,
Eco Polypet India,SDDD3382,593,Monthly,37,08-06-2022,Maharashtra,Pune,"7,360.00","7,320.00",2568,08-06-2022,289 / 295,10-06-2022,DN09L9032,2814 4027 6307,,,Rigid,LDPE,,,,,,,
Eco Solution,SDDD3383,521,Monthly,EC/044/22-23,31-05-2022,Maharashtra,Mumbai,"10,270.00","10,155.00",7426,29-05-2022,64 / 81 / 84,02-06-2022,DD01A9703,2914 3662 3846,,,Rigid,LDPE,,,,,,,
Eco Solution,SDDD3384,551,Monthly,EC/049/22-23,04-06-2022,Maharashtra,Mumbai,"9,340.00","9,280.00",7777,04-06-2022,166 /169,06-06-2022,MH03CV6269,2414 3840 3519,,,Rigid,LDPE,,,,,,,
Eco Solution,SDDD3385,562,Monthly,EC/050/22-23,05-06-2022,Maharashtra,Mumbai,"9,250.00","9,155.00",7873,05-06-2022,197 / 200,07-06-2022,MH16CC6775,2514 3886 0241,,,Rigid,LDPE,,,,,,,
Eco Solution,SDDD3386,571,Monthly,EC/052/22-23,07-06-2022,Maharashtra,Mumbai,"9,500.00","9,490.00",3458,06-06-2022,222 / 225,08-06-2022,MH48AG7989,2014 3939 2847,,,Rigid,LDPE,,,,,,,
Hema Exports,SDDD3387,537,Monthly,55,02-06-2022,Maharashtra,Mumbai,"10,290.00","10,270.00",2954,03-06-2022,120 / 123,04-06-2022,MH05DK6977,2614 3797 5213,,,Rigid,LDPE,,,,,,,
Hema Exports,SDDD3388,591,Monthly,64,08-06-2022,Maharashtra,Mumbai,"9,760.00","9,730.00",1010,09-06-2022,283 / 286,10-06-2022,MH48AY6234,2614 4029 9816,,,Rigid,LDPE,,,,,,,
Hema Exports,SDDD3389,618,Monthly,68,12-06-2022,Maharashtra,Mumbai,"9,600.00","9,570.00",1054,12-06-2022,372 / 375,13-06-2022,MH04KU4675,2714 4168 1929,,,Rigid,LDPE,,,,,,,
Hema Exports,SDDD3390,633,Monthly,69,13-06-2022,Maharashtra,Boisar,"9,920.00","9,890.00",5913,13-06-2022,416 / 419,15-06-2022,MH48BM9029,2514 4215 7832,,,Rigid,LDPE,,,,,,,
Hema Exports,SDDD3391,656,Monthly,72,15-06-2022,Maharashtra,Mumbai,"9,690.00","9,695.00",1101,16-06-2022,493 / 495,19-06-2022,MH04KU6425,2214 4311 0679,,,Rigid,LDPE,,,,,,,
Indian Recycler,SDDD3392,555,Monthly,35,03-06-2022,Maharashtra,Pune,"7,090.00","7,045.00",2539,03-06-2022,176 / 179,06-06-2022,GJ15XX4368,2714 3846 3356,,,Rigid,LDPE,,,,,,,
Indian Recycler,SDDD3393,647,Monthly,42,14-06-2022,Maharashtra,Pune,"8,942.00","8,970.00",6535,14-06-2022,37418,17-06-2022,DD01H9501,2214 4264 0292,,,Rigid,LDPE,,,,,,,
Indian Recycler,SDDD3394,651,Monthly,41,14-06-2022,Maharashtra,Pune,"7,872.00","7,815.00",2606,14-06-2022,467/470,10-06-2022,DN09N9732,2414 4262 2238,,,Rigid,LDPE,,,,,,,
Indian Recycler,SDDD3395,663,Monthly,43,15-06-2022,Maharashtra,Pune,"7,626.00","7,695.00",2613,15-06-2022,514/517,19-06-2022,GJ15XX4368,2114 4308 3521,,,Rigid,LDPE,,,,,,,
Jahan Enterprises,SDDD3396,623,Monthly,279,12-06-2022,Maharashtra,Palghar,"10,420.00","10,345.00",36824,12-06-2022,384 /381,14-06-2022,MH03CV9689,2314 4175 4568,,,Rigid,LDPE,,,,,,,
Jahan Enterprises,SDDD3397,637,Monthly,280,13-06-2022,Maharashtra,Palghar,"10,130.00","10,080.00",4359,13-06-2022,426 / 431,15-06-2022,MH48AY6234,2414 4219 4092,,,Rigid,LDPE,,,,,,,
Jaiswal Traders,SDDD3398,604,Monthly,241,10-06-2022,Maharashtra,Nashik,"7,930.00","8,010.00",1999,09-06-2022,329 /  331,11-06-2022,GJ15XX0147,6114 2905 8086,,,Rigid,LDPE,,,,,,,
Jaiswal Traders,SDDD3399,634,Monthly,256,13-06-2022,Maharashtra,Nashik,"7,415.00","7,380.00",2012,13-06-2022,418 / 423,15-06-2022,GJ15XX0147,2914 4216 3253,,,Rigid,LDPE,,,,,,,
Kachhi Eco Plastic,SDDD3400,559,Monthly,112/2022-23,04-06-2022,Maharashtra,Satara,"10,100.00","9,995.00",501,04-06-2022,184 / 193,06-06-2022,DN09S9628,2714 3840 5952,,,Rigid,LDPE,,,,,,,
Kachhi Eco Plastic,SDDD3401,569,Monthly,113/2022-23,05-06-2022,Maharashtra,Satara,"9,360.00","9,365.00",25608,05-06-2022,214/ 220,07-06-2022,DN09V9426,2814 3892 4900,,,Rigid,LDPE,,,,,,,
Kachhi Eco Plastic,SDDD3402,577,Monthly,115/2022-23,06-06-2022,Maharashtra,Satara,"10,030.00","9,960.00",6790,06-06-2022,242 /247,08-06-2022,MH08AP4665,2814 3933 5015,,,Rigid,LDPE,,,,,,,
Kachhi Eco Plastic,SDDD3403,609,Monthly,121/2022-23,10-06-2022,Maharashtra,Satara,"9,970.00","10,010.00",2356,10-06-2022,342 / 348,12-06-2022,GJ15AT5602,2814 4118 0164,,,Rigid,LDPE,,,,,,,
Kachhi Eco Plastic,SDDD3404,616,Monthly,123/2022-23,11-06-2022,Maharashtra,Satara,"8,800.00","8,765.00",9309,11-06-2022,362 /367,13-06-2022,DN09R9289,2414 4157 5425,,,Rigid,LDPE,,,,,,,
Kachhi Eco Plastic,SDDD3405,644,Monthly,127/2022-23,14-06-2022,Maharashtra,Satara,"8,820.00","8,770.00",5233,14-06-2022,450 /456,16-06-2022,DD01H9512,2314 4239 8550,,,Rigid,LDPE,,,,,,,
Mn Enterprises,SDDD3406,511,Monthly,621,28-05-2022,Maharashtra,Pune,"7,840.00","7,805.00",3226,28-05-2022,42 /  45,01-06-2022,MH12HD1676,2214 3591 4443,,,Rigid,LDPE,,,,,,,
Mn Enterprises,SDDD3407,512,Monthly,623,29-05-2022,Maharashtra,Pune,"7,985.00","7,970.00",9526,29-05-2022,44  / 47,01-06-2022,MH04FJ4253,2714 3610 2620,,,Rigid,LDPE,,,,,,,
Mn Enterprises,SDDD3408,523,Monthly,624,31-05-2022,Maharashtra,Pune,"10,110.00","10,085.00",9350,31-05-2022,76 / 82,02-06-2022,DN09S9237,2414 3679 1515,,,Rigid,LDPE,,,,,,,
Mn Enterprises,SDDD3409,527,Monthly,625,01-06-2022,Maharashtra,Pune,"9,275.00","9,260.00",61,01-06-2022,89 / 92,03-06-2022,DN09N9787,2514 3746 8822,,,Rigid,LDPE,,,,,,,
Ah Scrap Traders,SDDD3410,1004,Monthly,229,29-07-2022,Maharashtra,Mumbai,"9,400.00","9,370.00",2265,29-07-2022,1613 / 1616,31-07-2022,MH03CV6234,2614 6150 3895,,,Rigid,LDPE,,,,,,,
Ah Scrap Traders,SDDD3411,1011,Monthly,230,31-07-2022,Maharashtra,Mumbai,"10,680.00","10,685.00",13452,31-07-2022,1644 / 1646,01-08-2022,DD01C9472,2314 6206 0754,,,Rigid,LDPE,,,,,,,
Ak Plastic Scrap Traders,SDDD3412,799,Monthly,397,05-07-2022,Maharashtra,Mumbai,"10,030.00","10,080.00",27022,05-07-2022,946/943,07-07-2022,MH48BM2944,2814 5101 5405,,,Rigid,LDPE,,,,,,,
Ak Plastic Scrap Traders,SDDD3413,886,Monthly,401,15-07-2022,Maharashtra,Mumbai,"10,510.00","10,490.00",28501,15-07-2022,1222 / 1228,16-07-2022,MH48BM8417,2514 5549 6623,,,Rigid,LDPE,,,,,,,
Ak Plastic Scrap Traders,SDDD3414,997,Monthly,406,28-07-2022,Maharashtra,Mumbai,"10,580.00","10,525.00",30391,28-07-2022,1590 / 1599,30-07-2022,MH48BM2944,2514 6102 6034,,,Rigid,LDPE,,,,,,,
Al Hadid Corporation,SDDD3415,947,Monthly,AHC/22-23/73,22-07-2022,Maharashtra,Solapur,"8,830.00","8,970.00",28893,22-07-2022,1428/1435,24-07-2022,MH25U1561,2914 5841 1555,,,Rigid,LDPE,,,,,,,
Anil Traders,SDDD3416,888,Monthly,AT/22-23/64,15-07-2022,Maharashtra,Mumbai,"9,815.00","9,875.00",7726,15-07-2022,1229/ 1232,17-07-2022,MH03CV9280,2414 5549 2561,,,Rigid,LDPE,,,,,,,
Ayan Traders,SDDD3417,760,Monthly,315,29-06-2022,Maharashtra,Pune,"7,335.00","7,475.00",875,29-06-2022,815/818,02-07-2022,GJ15AT1315,2114 4902 9756,,,Rigid,LDPE,,,,,,,
Ayan Traders,SDDD3418,764,Monthly,316,30-06-2022,Maharashtra,Pune,"8,765.00","8,870.00",906,30-06-2022,827 / 832,02-07-2022,DN09M9989,2614 4909 9262,,,Rigid,LDPE,,,,,,,
Ayan Traders,SDDD3419,842,Monthly,317,07-07-2022,Maharashtra,Pune,"8,020.00","7,870.00",2026,07-07-2022,1077 / 1083,11-07-2022,MH06AQ9513,2014 5232 1125,,,Rigid,LDPE,,,,,,,
Ayan Traders,SDDD3420,845,Monthly,318,09-07-2022,Maharashtra,Pune,"10,945.00","11,115.00",2226,09-07-2022,1088 / 1091,12-07-2022,DN09M9989,2414 5299 4370,,,Rigid,LDPE,,,,,,,
Ayan Traders,SDDD3421,891,Monthly,319,15-07-2022,Maharashtra,Pune,"8,630.00","8,765.00",2809,15-07-2022,1245 / 1249,17-07-2022,DN09S9345,2714 5513 5681,,,Rigid,LDPE,,,,,,,
Ayan Traders,SDDD3422,943,Monthly,320,22-07-2022,Maharashtra,Pune,"8,060.00","8,155.00",3716,22-07-2022,1414 / 1416,24-07-2022,DN09M9989,2914 5834 7544,,,Rigid,LDPE,,,,,,,
Eco Solution,SDDD3423,941,Monthly,EC/078/22-23,22-07-2022,Maharashtra,Mumbai,"8,445.00","8,525.00",3513,22-07-2022,1411 / 1413,24-07-2022,MH03CV9280,2214 5843 6333,,,Rigid,LDPE,,,,,,,
Environmental Experts,SDDD3424,810,Monthly,EE/017/22-23,06-07-2022,Maharashtra,Pune,"9,320.00","9,305.00",12964,06-07-2022,978/976,08-07-2022,GJ15Z1001,2014 5188 8126,,,Rigid,LDPE,,,,,,,
Hema Exports,SDDD3425,1003,Monthly,102,29-07-2022,Maharashtra,Mumbai,"9,590.00","9,615.00",17605,29-07-2022,1612 / 1614,31-07-2022,MH03CV9922,2014 6151 5847,,,Rigid,LDPE,,,,,,,
Indian Recycler,SDDD3426,753,Monthly,51,28-06-2022,Maharashtra,Pune,"7,208.00","7,205.00",6677,28-06-2022,39041,01-07-2022,GJ15XX4368,2014 4855 2388,,,Rigid,LDPE,,,,,,,
Indian Recycler,SDDD3427,780,Monthly,53,01-07-2022,Maharashtra,Pune,"9,038.00","9,330.00",6715,01-07-2022,886 /889,04-07-2022,DD01A9453,2414 5003 5738,,,Rigid,LDPE,,,,,,,
Indian Recycler,SDDD3428,801,Monthly,55,05-07-2022,Maharashtra,Pune,"6,740.00","7,025.00",47,05-07-2022,947 / 950,07-07-2022,DD01C9159,2214 5124 7633,,,Rigid,LDPE,,,,,,,
Indian Recycler,SDDD3429,808,Monthly,56,05-07-2022,Maharashtra,Pune,"6,805.00","6,985.00",4601,05-07-2022,972 / 975,08-07-2022,MH14HG4306,2414 5140 6863,,,Rigid,LDPE,,,,,,,
Indian Recycler,SDDD3430,813,Monthly,57,05-07-2022,Maharashtra,Pune,"7,238.00","7,475.00",2745,05-07-2022,985 / 992,08-07-2022,GJ15XX9283,2114 5140 9272,,,Rigid,LDPE,,,,,,,
Indian Recycler,SDDD3431,837,Monthly,58,07-07-2022,Maharashtra,Pune,"8,018.00","7,945.00",1981/6748,07-07-2022,1064 / 1067,11-07-2022,GJ15XX4368,2914 5239 5606,,,Rigid,LDPE,,,,,,,
Indian Recycler,SDDD3432,844,Monthly,59,08-07-2022,Maharashtra,Pune,"7,576.00","7,495.00",2751,08-07-2022,1089/1086,12-07-2022,DN09N9361,2314 5278 4765,,,Rigid,LDPE,,,,,,,
Indian Recycler,SDDD3433,945,Monthly,68,22-07-2022,Maharashtra,Pune,"6,529.00","6,480.00",3740,22-07-2022,1423 / 1430,24-07-2022,DN09V9426,2914 5843 4619,,,Rigid,LDPE,,,,,,,
Indian Recycler,SDDD3434,978,Monthly,71,26-07-2022,Maharashtra,Pune,"8,340.00","8,340.00",2231,26-07-2022,1530 / 1533,28-07-2022,DN09N9361,2214 5992 9212,,,Rigid,LDPE,,,,,,,
Indian Recycler,SDDD3435,990,Monthly,72,27-07-2022,Maharashtra,Pune,"7,260.00","7,235.00",2821,27-07-2022,1579 / 1580,30-07-2022,DN09J9097,2114 6045 5307,,,Rigid,LDPE,,,,,,,
Indian Recycler,SDDD3436,1000,Monthly,74,28-07-2022,Maharashtra,Pune,"6,812.00","6,775.00", -,28-07-2022,1601/ 1605,30-07-2022,DN09L9032,2314 6100 7398,,,Rigid,LDPE,,,,,,,
Kachhi Eco Plastic,SDDD3437,761,Monthly,152/2022-23,29-06-2022,Maharashtra,Satara,"5,520.00","5,785.00",11121,29-06-2022,817 / 820,02-07-2022,DN09S9345,2014 4892 0259,,,Rigid,LDPE,,,,,,,
Kachhi Eco Plastic,SDDD3438,869,Monthly,164/2022-23,11-07-2022,Maharashtra,Satara,"8,250.00","8,225.00",16770,11-07-2022,1166 / 1171,14-07-2022,DN09S9628,2914 5373 1515,,,Rigid,LDPE,,,,,,,
Kachhi Eco Plastic,SDDD3439,905,Monthly,170/2022-23,17-07-2022,Maharashtra,Satara,"9,020.00","9,100.00",2775,17-07-2022,1306 / 1308,20-07-2022,DN09S9628,2814 5609 5051,,,Rigid,LDPE,,,,,,,
Kachhi Eco Plastic,SDDD3440,919,Monthly,172/2022-23,19-07-2022,Maharashtra,Satara,"9,970.00","9,995.00",16910,19-07-2022,1342 / 1346,21-07-2022,DD01A9281,2814 5700 6458,,,Rigid,LDPE,,,,,,,
Khusi Plastic,SDDD3441,794,Monthly,63,03-07-2022,Maharashtra,Kandivali,"10,195.00","10,290.00",6527,03-07-2022,914 / 917,05-07-2022,MH03DV2901,2014 5043 6504,,,Rigid,LDPE,,,,,,,
Labbaik Plastic and Scrap Center,SDDD3442,903,Monthly,116,18-07-2022,Maharashtra,Pune,"8,905.00","8,895.00",12182,18-07-2022,1297 / 1295 / 1302,19-07-2022,DN09N9361,2214 5654 3239,,,Rigid,LDPE,,,,,,,
Labbaik Plastic and Scrap Center,SDDD3443,915,Monthly,115,18-07-2022,Maharashtra,Pune,"9,110.00","9,185.00",12175,18-07-2022,1332 / 1336,20-07-2022,GJ15XX9283,2414 5654 1804,,,Rigid,LDPE,,,,,,,
Labbaik Plastic and Scrap Center,SDDD3444,934,Monthly,117,21-07-2022,Maharashtra,Pune,"10,000.00","9,985.00",12289,21-07-2022,1390 / 1392,23-07-2022,DN09N9361,2214 5794 4866,,,Rigid,LDPE,,,,,,,
Lucky Traders,SDDD3445,771,Monthly,53,30-06-2022,Maharashtra,Sangli,"10,740.00","10,770.00",500640,30-06-2022,848 / 853,03-07-2022,MH10CQ9599,2914 4952 6587,,,Rigid,LDPE,,,,,,,
Lucky Traders,SDDD3446,993,Monthly,55,26-07-2022,Maharashtra,Sangli,"10,345.00","10,285.00",506004,26-07-2022,1582 / 1584,30-07-2022,MH50N1188,2414 6001 1760,,,Rigid,LDPE,,,,,,,
Mahakal waste Traders,SDDD3447,820,Monthly,10,06-07-2022,Maharashtra,Pune,"8,980.00","9,310.00",1274,06-07-2022,1003 / 1005,09-07-2022,MH14DM8284,2114 5186 5234,,,Rigid,LDPE,,,,,,,
Mn Enterprise,SDDD3448,775,Monthly,654,30-06-2022,Maharashtra,Pune,"9,340.00","9,290.00",3981,30-06-2022,869 /866,04-07-2022,DN09Q9003,2314 4961 4983,,,Rigid,LDPE,,,,,,,
Mn Enterprise,SDDD3449,800,Monthly,659,04-07-2022,Maharashtra,Pune,"9,890.00","9,975.00",4979,04-07-2022,948 / 945,07-07-2022,MH42T9630,2114 5098 0752,,,Rigid,LDPE,,,,,,,
Mn Enterprise,SDDD3450,805,Monthly,660,04-07-2022,Maharashtra,Pune,"9,865.00","9,990.00",9008/4510,04-07-2022,961 / 969,07-07-2022,DN09N9787,2314 5100 3616,,,Rigid,LDPE,,,,,,,
Mn Enterprise,SDDD3451,825,Monthly,662,06-07-2022,Maharashtra,Pune,"7,320.00","7,250.00",4225,06-07-2022,1015 / 1021,09-07-2022,MH04FJ4253,2614 5188 2395,,,Rigid,LDPE,,,,,,,
Mn Enterprise,SDDD3452,851,Monthly,664,09-07-2022,Maharashtra,Pune,"9,950.00","10,525.00",1836,09-07-2022,1110 / 1113,13-07-2022,DD01E9688,2314 5312 3392,,,Rigid,LDPE,,,,,,,
Mn Enterprise,SDDD3453,858,Monthly,666,09-07-2022,Maharashtra,Pune,"7,890.00","8,125.00",83,09-07-2022,1125 / 1133,13-07-2022,DN09Q9002,2114 5317 1931,,,Rigid,LDPE,,,,,,,
Mn Enterprise,SDDD3454,859,Monthly,665,09-07-2022,Maharashtra,Pune,"10,780.00","10,820.00",33139,09-07-2022,1132 /1139,13-07-2022,MH14GU2798,2914 5315 8248,,,Rigid,LDPE,,,,,,,
Mn Enterprise,SDDD3455,901,Monthly,670,17-07-2022,Maharashtra,Pune,"8,045.00","8,085.00",1457/18748,17-07-2022,1284 / 1290 / 1291,19-07-2022,GJ15AT5602,2214 5608 1205,,,Rigid,LDPE,,,,,,,
Mn Enterprise,SDDD3456,913,Monthly,671,18-07-2022,Maharashtra,Pune,"8,290.00","8,370.00",292,18-07-2022,1326 / 1331,20-07-2022,DN09S9892,2014 5651 8963,,,Rigid,LDPE,,,,,,,
Mn Enterprise,SDDD3457,931,Monthly,673,20-07-2022,Maharashtra,Pune,"9,490.00","9,440.00",1476,20-07-2022,1378 / 1384,22-07-2022,DN09Q9002,2714 5745 3990,,,Rigid,LDPE,,,,,,,
Mohammed Khan Jahan Ali Shaikh ,SDDD3458,944,Monthly,239/22-23,23-07-2022,Maharashtra,Mumbai,"9,850.00","10,030.00",29444,22-07-2022,1417 / 1424,24-07-2022,MH01CR9463,2414 5845 1668,,,Rigid,LDPE,,,,,,,
Nande Sales,SDDD3459,863,Monthly,247,10-07-2022,Maharashtra,Pune,"9,260.00","9,175.00",319,10-07-2022,1146 / 1149,14-07-2022,DN09S9237,2114 5332 0140,,,Rigid,LDPE,,,,,,,
Plastic Scrap Trading,SDDD3460,849,Monthly,267,06-07-2022,Maharashtra,Pune,"9,540.00","10,245.00",1963,06-07-2022,1101 / 1109,12-07-2022,DN09R9289,2514 5187 2306,,,Rigid,LDPE,,,,,,,
Plastic Scrap Trading,SDDD3461,921,Monthly,271,19-07-2022,Maharashtra,Pune,"8,050.00","8,040.00",2697,19-07-2022,1347 / 1352,21-07-2022,MH06AQ9513,2714 5698 7908,,,Rigid,LDPE,,,,,,,
Shri Hari Plastics,SDDD3462,832,Monthly,129,10-07-2022,Maharashtra,Thane,"6,940.00","6,955.00",38313,10-07-2022,1039 / 1042,10-07-2022,MH48AG2318,2414 5318 8956,,,Rigid,LDPE,,,,,,,
Shri Hari Plastics,SDDD3463,841,Monthly,125,09-07-2022,Maharashtra,Thane,"9,425.00","9,400.00",410,11-07-2022,1078 /1073,11-07-2022,GJ15X1139,2814 5259 9870,,,Rigid,LDPE,,,,,,,
Shri Hari Plastics,SDDD3464,852,Monthly,130,10-07-2022,Maharashtra,Ahmednagar,"8,810.00","9,000.00",927,13-07-2022,1115 / 1116,13-07-2022,DN09S9345,2314 5321 3929,,,Rigid,LDPE,,,,,,,
Shri Hari Plastics,SDDD3465,935,Monthly,140,21-07-2022,Maharashtra,Pune,"8,895.00","8,905.00",1582,23-07-2022,1391 / 1394,23-07-2022,DN09S9345,2214 5796 3494,,,Rigid,LDPE,,,,,,,
Sp Enterprises,SDDD3466,994,Monthly,27/22-23,28-07-2022,Maharashtra,Mumbai,"9,255.00","9,230.00",4217,28-07-2022,1585/ 1591/1593,30-07-2022,MH04KF7901,2414 6083 9188,,,Rigid,LDPE,,,,,,,
Ah Scrap Traders,SDDD3467,1096,Monthly,231,08-08-2022,Maharashtra,Mumbai,"9,720.00","9,665.00",2517,08-08-2022,1913 / 1915,09-08-2022,MH03DV0147,2614 6568 5058,,,Rigid,LDPE,,,,,,,
Ah Scrap Traders,SDDD3468,1104,Monthly,232,09-08-2022,Maharashtra,Mumbai,"10,270.00","10,460.00",13680,09-08-2022,1941 / 1947 / 1949,10-08-2022,MH03CV5126,2414 6616 6457,,,Rigid,LDPE,,,,,,,
Ah Scrap Traders,SDDD3469,1117,Monthly,233,10-08-2022,Maharashtra,Mumbai,"10,230.00","10,295.00",493,10-08-2022,1983 / 1986,12-08-2022,MH03CV9922,2714 6664 2112,,,Rigid,LDPE,,,,,,,
Ah Scrap Traders,SDDD3470,1195,Monthly,234,17-08-2022,Maharashtra,Mumbai,"10,020.00","10,005.00",13835,17-08-2022,2209 / 2213,19-08-2022,MH03CV6234,2514 6867 0058,,,Rigid,LDPE,,,,,,,
Ah Scrap Traders,SDDD3471,1204,Monthly,235,18-08-2022,Maharashtra,Mumbai,"10,330.00","10,230.00",2731,18-08-2022,2231 / 2241 / 2243,20-08-2022,MH03CV5126,2114 6963 6875,,,Rigid,LDPE,,,,,,,
Ah Scrap Traders,SDDD3472,1210,Monthly,236,20-08-2022,Maharashtra,Mumbai,"9,930.00","9,945.00",1496,20-08-2022,2266 / 2268,22-08-2022,MH02FG7721,2014 7055 8370,,,Rigid,LDPE,,,,,,,
Ah Scrap Traders,SDDD3473,1241,Monthly,237,24-08-2022,Maharashtra,Mumbai,"10,020.00","10,000.00",14007,24-08-2022,2370 / 2376,26-08-2022,MH01CV9010,2414 7178 3829,,,Rigid,LDPE,,,,,,,
Ak Plastic Scrap Traders,SDDD3474,1055,Monthly,408,02-08-2022,Maharashtra,Mumbai,"10,430.00","10,430.00",31049,02-08-2022,1781 / 1778,05-08-2022,MH48BM8417,2214 6322 6659,,,Rigid,LDPE,,,,,,,
Ak Plastic Scrap Traders,SDDD3475,1063,Monthly,409,04-08-2022,Maharashtra,Mumbai,"10,490.00","10,470.00",31328,04-08-2022,1795 / 1800,05-08-2022,MH48BM2944,2514 6384 3387,,,Rigid,LDPE,,,,,,,
Ak Plastic Scrap Traders,SDDD3476,1092,Monthly,410,07-08-2022,Maharashtra,Mumbai,"10,470.00","10,500.00",10680,07-08-2022,1900 / 1902,09-08-2022,MH48BM0812,2014 6524 1568,,,Rigid,LDPE,,,,,,,
Ak Plastic Scrap Traders,SDDD3477,1130,Monthly,411,11-08-2022,Maharashtra,Mumbai,"11,910.00","11,960.00",32314,11-08-2022,2020 / 2023,13-08-2022,MH48AG3169,2114 6692 4405,,,Rigid,LDPE,,,,,,,
Ak Plastic Scrap Traders,SDDD3478,1137,Monthly,412,11-08-2022,Maharashtra,Mumbai,"9,970.00","9,925.00",32338,11-08-2022,2042 / 2044/2045,13-08-2022,MH48AG7835,2514 6696 3765,,,Rigid,LDPE,,,,,,,
Ak Plastic Scrap Traders,SDDD3479,1167,Monthly,413,14-08-2022,Maharashtra,Mumbai,"10,370.00","10,485.00",32685,14-08-2022,2126 / 2130,16-08-2022,MH48BM2944,2014 6806 9107,,,Rigid,LDPE,,,,,,,
Ak Plastic Scrap Traders,SDDD3480,1199,Monthly,414,17-08-2022,Maharashtra,Mumbai,"10,700.00","10,620.00",33001,17-08-2022,2220 /2223,20-08-2022,MH48BM8417,2014 6914 4614,,,Rigid,LDPE,,,,,,,
Ak Plastic Scrap Traders,SDDD3481,1202,Monthly,415,18-08-2022,Maharashtra,Mumbai,"10,390.00",450,33174,18-08-2022,2233,20-08-2022,MH48BM2944,2514 6965 8389,,,Rigid,LDPE,,,,,,,
Ak Plastic Scrap Traders,SDDD3482,1221,Monthly,416,21-08-2022,Maharashtra,Mumbai,"10,620.00","10,655.00",33506,21-08-2022,2296 / 2303,23-08-2022,MH48BM2944,2614 7071 0895,,,Rigid,LDPE,,,,,,,
Ak Plastic Scrap Traders,SDDD3483,1255,Monthly,417,25-08-2022,Maharashtra,Mumbai,"10,170.00","10,140.00",34026,25-08-2022,2404 / 2409,27-08-2022,MH01CR9463,2814 7245 0768,,,Rigid,LDPE,,,,,,,
Ak Plastic Scrap Traders,SDDD3484,1258,Monthly,418,25-08-2022,Maharashtra,Mumbai,"10,500.00","10,465.00",34087,25-08-2022,2418 / 2422,27-08-2022,MH48BM2944,2114 7277 5222,,,Rigid,LDPE,,,,,,,
Al Hadid Corporation,SDDD3485,1052,Monthly,AHC/22-23/78,01-08-2022,Maharashtra,Solapur,"9,290.00","9,320.00",8392,01-08-2022,1771 /1775,04-08-2022,MH13CU3626,2214 6265 6493,,,Rigid,LDPE,,,,,,,
Anil Traders,SDDD3486,1044,Monthly,AT/22-23/69,02-08-2022,Maharashtra,Mumbai,"11,195.00","11,170.00",2339,02-08-2022,1746 / 1749,04-08-2022,DD01E9751,2514 6278 3943,,,Rigid,LDPE,,,,,,,
Ayan Traders,SDDD3487,1078,Monthly,323,05-08-2022,Maharashtra,Pune,"7,595.00","7,715.00",5642,05-08-2022,1853 / 1856,07-08-2022,DN09S9345,2814 6452 5678,,,Rigid,LDPE,,,,,,,
Ayan Traders,SDDD3488,1114,Monthly,324,09-08-2022,Maharashtra,Pune,"7,475.00","7,470.00",6132,09-08-2022,1973 / 1980,11-08-2022,DD01A9061,2814 6611 5477,,,Rigid,LDPE,,,,,,,
Ayan Traders,SDDD3489,1191,Monthly,327,15-08-2022,Maharashtra,Pune,"6,925.00","7,210.00",6913,15-08-2022,2197,19-08-2022,DN09P9246,2514 6819 0118,,,Rigid,LDPE,,,,,,,
Eco Polypet India,SDDD3490,1178,Monthly,66,14-08-2022,Maharashtra,Pune,"7,135.00","7,220.00",8743,14-08-2022,2162 / 2165,17-08-2022,MH14DM4163,2414 6799 9021,,,Rigid,LDPE,,,,,,,
Eco Polypet India,SDDD3491,1248,Monthly,69,23-08-2022,Maharashtra,Pune,"7,224.00","7,245.00",2989,23-08-2022,2383 / 2390,26-08-2022,GJ15XX4368,2914 7166 2523,,,Rigid,LDPE,,,,,,,
Environmental Experts,SDDD3492,1017,Monthly,EE/031/22-23,29-07-2022,Maharashtra,Mumbai,"8,910.00","8,800.00",6514,29-07-2022,1620 / 1658 / 1662,01-08-2022,MH03CV6911,2514 6152 4091,,,Rigid,LDPE,,,,,,,
Environmental Experts,SDDD3493,1028,Monthly,EE/032/22-23,31-07-2022,Maharashtra,Mumbai,"9,080.00","8,990.00",5410,31-07-2022,1689 / 1693,02-08-2022,MH05DK6977,2914 6217 6413,,,Rigid,LDPE,,,,,,,
Environmental Experts,SDDD3494,1042,Monthly,EE/033/22-23,01-08-2022,Maharashtra,Mumbai,"10,080.00","10,030.00",13496,01-08-2022,1741 / 1745,04-08-2022,MH03DV2903,2214 6274 3993,,,Rigid,LDPE,,,,,,,
Environmental Experts,SDDD3495,1074,Monthly,EE/036/22-23,05-08-2022,Maharashtra,Mumbai,"9,745.00","9,685.00",5504,05-08-2022,1839 / 1844,06-08-2022,MH03DV2903,2814 6463 2994,,,Rigid,LDPE,,,,,,,
Environmental Experts,SDDD3496,1076,Monthly,EE/035/22-23,05-08-2022,Maharashtra,Mumbai,"9,710.00","9,685.00",13598,05-08-2022,1845 / 1845,07-08-2022,MH03DV2901,2114 6462 7915,,,Rigid,LDPE,,,,,,,
Environmental Experts,SDDD3497,1083,Monthly,EE/037/22-23,05-08-2022,Maharashtra,Mumbai,"8,435.00","8,400.00",5410,07-08-2022,1870 / 1872,07-08-2022,MH16CC6775,2514 6508 5859,,,Rigid,LDPE,,,,,,,
Environmental Experts,SDDD3498,1110,Monthly,EE/038/22-23,10-08-2022,Maharashtra,Mumbai,"8,545.00","8,550.00",147,09-08-2022,1965 /1963,11-08-2022,MH03CV6268,2214 6622 6924,,,Rigid,LDPE,,,,,,,
Environmental Experts,SDDD3499,1115,Monthly,EE/039/22-23,10-08-2022,Maharashtra,Mumbai,"10,220.00","10,210.00",13697,10-08-2022,1979 / 1981,11-08-2022,MH03DV2903,2114 6661 8920,,,Rigid,LDPE,,,,,,,
Environmental Experts,SDDD3500,1116,Monthly,EE/040/22-23,10-08-2022,Maharashtra,Mumbai,"9,035.00","9,085.00",494,10-08-2022,1984 /1982,12-08-2022,MH03CV6234,2614 6664 3729,,,Rigid,LDPE,,,,,,,
Environmental Experts,SDDD3501,1118,Monthly,EE/041/22-23,10-08-2022,Maharashtra,Mumbai,"8,785.00","8,860.00",2668,10-08-2022,1985 / 1988,12-08-2022,MH03CV6168,2614 6664 4425,,,Rigid,LDPE,,,,,,,
Environmental Experts,SDDD3502,1134,Monthly,EE/042/22-23,11-08-2022,Maharashtra,Mumbai,"10,055.00","9,930.00",43130,11-08-2022,2029 / 2034,13-08-2022,MH05DK6977,2114 6697 3069,,,Rigid,LDPE,,,,,,,
Environmental Experts,SDDD3503,1168,Monthly,EE/043/22-23,14-08-2022,Maharashtra,Mumbai,"8,370.00","8,400.00",43211,14-08-2022,2129 / 2134,16-08-2022,MH48CB4658,2514 6807 9466,,,Rigid,LDPE,,,,,,,
Environmental Experts,SDDD3504,1171,Monthly,EE/044/22-23,14-08-2022,Maharashtra,Mumbai,"7,625.00","7,740.00",747,14-08-2022,2143 / 2149,17-08-2022,MH03CV9280,2114 6808 7649,,,Rigid,LDPE,,,,,,,
Environmental Experts,SDDD3505,1177,Monthly,EE/046/22-23,15-08-2022,Maharashtra,Mumbai,"10,020.00","10,010.00",43218,14-08-2022,2159 /2161,17-08-2022,MH04KU4675,2914 6809 7105,,,Rigid,LDPE,,,,,,,
Environmental Experts,SDDD3506,1192,Monthly,EE/047/22-23,16-08-2022,Maharashtra,Mumbai,"10,580.00","10,650.00",13817,16-08-2022,2199 / 2201,19-08-2022,MH04KU4610,2914 6844 3829,,,Rigid,LDPE,,,,,,,
Environmental Experts,SDDD3507,1228,Monthly,EE/049/22-23,21-08-2022,Maharashtra,Mumbai,"9,590.00","9,575.00",6614,21-08-2022,2332 /2331/2329,25-08-2022,MH15GV2566,2914 7074 1740,,,Rigid,LDPE,,,,,,,
Environmental Experts,SDDD3508,1235,Monthly,EE/050/22-23,23-08-2022,Maharashtra,Mumbai,"8,465.00","8,405.00",1695,23-08-2022,2349 / 2357,25-08-2022,MH03CV6269,2814 7125 7847,,,Rigid,LDPE,,,,,,,
Environmental Experts,SDDD3509,1240,Monthly,EE/051/22-23,24-08-2022,Maharashtra,Mumbai,"10,150.00","10,070.00",1784,24-08-2022,2366 / 2371,26-08-2022,MH03CV9922,2614 7178 1494,,,Rigid,LDPE,,,,,,,
Environmental Experts,SDDD3510,1261,Monthly,EE/051/22-23,26-08-2022,Maharashtra,Mumbai,"10,690.00","10,780.00",8543,24-08-2022,2425 / 2428,28-08-2022,DD01C9044,2014 7294 8889,,,Rigid,LDPE,,,,,,,
Kunal Tradelink,SDDD3511,1051,Monthly,KTL/22-23/100,02-08-2022,Maharashtra,Pune,"5,630.00","5,645.00",12810,02-08-2022,1764 / 1772,04-08-2022,DD01A9061,2414 6298 6002,,,Rigid,LDPE,,,,,,,
 Mahakal Waste Traders,SDDD3512,1022,Monthly,12,30-07-2022,Maharashtra,Pune,"11,410.00","11,360.00",799,30-07-2022,1672 / 1675,02-08-2022,MH04DS2700,2714 6194 8130,,,Rigid,LDPE,,,,,,,
Mn Enterprise,SDDD3513,1025,Monthly,680,30-07-2022,Maharashtra,Pune,"9,125.00","9,115.00",2776,30-07-2022,1678 / 1683,02-08-2022,DN09Q9002,2814 6182 8075,,,Rigid,LDPE,,,,,,,
Mn Enterprise,SDDD3514,1026,Monthly,681,30-07-2022,Maharashtra,Pune,"9,445.00","9,375.00",3564,30-07-2022,1684 / 1688,02-08-2022,DN09N9787,2314 6202 0703,,,Rigid,LDPE,,,,,,,
Mn Enterprise,SDDD3515,1038,Monthly,684,01-08-2022,Maharashtra,Pune,"5,945.00","5,930.00",25301/25289,01-08-2022,1724 / 1728,03-08-2022,GJ08U2551,2014 6239 5392,,,Rigid,LDPE,,,,,,,
Mn Enterprise,SDDD3516,1060,Monthly,688,03-08-2022,Maharashtra,Pune,"7,810.00","7,840.00",3468,03-08-2022,1789 / 1792,05-08-2022,MH04FJ4253,2814 6364 0617,,,Rigid,LDPE,,,,,,,
Mn Enterprise,SDDD3517,1088,Monthly,691,07-08-2022,Maharashtra,Pune,"9,700.00","9,680.00",453,07-08-2022,1895 / 1897,08-08-2022,DD01H9501,2014 6522 5731,,,Rigid,LDPE,,,,,,,
Mn Enterprise,SDDD3518,1091,Monthly,692,07-08-2022,Maharashtra,Pune,"8,370.00","8,395.00",9727,07-08-2022,1899 / 1905,09-08-2022,KA22C3337,2414 6522 6400,,,Rigid,LDPE,,,,,,,
Mn Enterprise,SDDD3519,1143,Monthly,695,11-08-2022,Maharashtra,Pune,"8,120.00","7,980.00",5433,11-08-2022,2063 /2067,14-08-2022,DD01A9453,2414 6692 4347,,,Rigid,LDPE,,,,,,,
Mn Enterprise,SDDD3520,1215,Monthly,705,20-08-2022,Maharashtra,Pune,"8,990.00","9,180.00",2563,20-08-2022,2280 / 2288,22-08-2022,DN09Q9003,2914 7053 7280,,,Rigid,LDPE,,,,,,,
Mn Enterprise,SDDD3521,1218,Monthly,706,20-08-2022,Maharashtra,Pune,"7,805.00","7,785.00",1994/7680,20-08-2022,2291 / 2293,23-08-2022,MH04FJ4253,2014 7054 1750,,,Rigid,LDPE,,,,,,,
Mn Enterprise,SDDD3522,1219,Monthly,707,20-08-2022,Maharashtra,Pune,"8,810.00","8,845.00",2568,20-08-2022,2292 / 2295,23-08-2022,DD01H9398,2714 7056 0813,,,Rigid,LDPE,,,,,,,
Mn Enterprise,SDDD3523,1252,Monthly,712,24-08-2022,Maharashtra,Pune,"7,510.00","7,495.00",2005,24-08-2022,2395 / 2398,27-08-2022,MH04FJ4253,2014 7225 6427,,,Rigid,LDPE,,,,,,,
Mohammed Khan Jahan Ali Shaikh,SDDD3524,1054,Monthly,241/22-23,02-08-2022,Maharashtra,Mumbai,"9,790.00","9,800.00",31068,02-08-2022,1774 / 1779,05-08-2022,MH01CR9463,2214 6318 5363,,,Rigid,LDPE,,,,,,,
Mohammed Khan Jahan Ali Shaikh,SDDD3525,1067,Monthly,243/22-23,04-08-2022,Maharashtra,Mumbai,"9,980.00","10,095.00",697,04-08-2022,1814 / 1819/1821,06-08-2022,MH48AG3169,2414 6414 9939,,,Rigid,LDPE,,,,,,,
Mohammed Khan Jahan Ali Shaikh,SDDD3526,1123,Monthly,244/22-23,10-08-2022,Maharashtra,Mumbai,"9,840.00","9,850.00",32182,10-08-2022,2002 / 2005,12-08-2022,MH01CR9463,2914 6658 3792,,,Rigid,LDPE,,,,,,,
Mohammed Khan Jahan Ali Shaikh,SDDD3527,1150,Monthly,246/22-23,12-08-2022,Maharashtra,Mumbai,"10,090.00","10,050.00",32432,12-08-2022,2082 / 2085,14-08-2022,MH01CV9010,2614 6742 8310,,,Rigid,LDPE,,,,,,,
Mohammed Khan Jahan Ali Shaikh,SDDD3528,1185,Monthly,247/22-23,16-08-2022,Maharashtra,Mumbai,"10,200.00","10,220.00",32763,16-08-2022,2184 / 2187,18-08-2022,MH01CR9463,2614 6836 3474,,,Rigid,LDPE,,,,,,,
Mohammed Khan Jahan Ali Shaikh,SDDD3529,1237,Monthly,248/22-23,22-08-2022,Maharashtra,Mumbai,"10,280.00","10,200.00",33650,22-08-2022,2358 / 2361,26-08-2022,MH48BM8417,2414 7124 2797,,,Rigid,LDPE,,,,,,,
Nande Sales,SDDD3530,1193,Monthly,249,16-08-2022,Maharashtra,Pune,"10,620.00","10,670.00",1559,16-08-2022,2200 / 2205,19-08-2022,DD01J9699,2014 6863 1724,,,Rigid,LDPE,,,,,,,
Plastic Scrap Trading,SDDD3531,1043,Monthly,273,01-08-2022,Maharashtra,Pune,"8,320.00","8,305.00",3752,01-08-2022,1744 / 1747,04-08-2022,DN09N9361,2714 6274 5246,,,Rigid,LDPE,,,,,,,
Pratham Enterprises,SDDD3532,1170,Monthly,PE/22-23/24,14-08-2022,Maharashtra,Ambernath,"9,235.00","9,140.00",5029,14-08-2022,2135 / 2137,16-08-2022,MH48BM9029,2414 6809 4383,,,Rigid,LDPE,,,,,,,
Rapidue Technologies Pvt Ltd,SDDD3533,1040,Monthly,23/MPPET/INV2170,01-08-2022,Maharashtra,Ahmednagar,"9,035.00","9,075.00",4598 /4757,31-07-2022,1731 / 1738,03-08-2022,MH17BY7373,1915 0763 0945,,,Rigid,LDPE,,,,,,,
Sana Plastic,SDDD3534,1027,Monthly,SP/59/2022,31-07-2022,Maharashtra,Mumbai,"7,580.00","7,560.00",16124/76537,31-07-2022,1686 / 1690,02-08-2022,MH02FG2977,2414 6226 5505,,,Rigid,LDPE,,,,,,,
Sana Plastic,SDDD3535,1094,Monthly,SP/61/2022,08-08-2022,Maharashtra,Mumbai,"11,470.00","11,475.00",31857,08-08-2022,1907 / 1911,09-08-2022,MH48AG3169,2414 6547 2780,,,Rigid,LDPE,,,,,,,
Sana Plastic,SDDD3536,1124,Monthly,SP/63/2022,11-08-2022,Maharashtra,Mumbai,"8,280.00","8,260.00",78151/16905,11-08-2022,2004 /2006,12-08-2022,MH02FG2977,2214 6697 0638,,,Rigid,LDPE,,,,,,,
Sana Plastic,SDDD3537,1166,Monthly,SP/64/2022,14-08-2022,Maharashtra,Mumbai,"10,400.00","10,495.00",18901,14-08-2022,2123 / 2128,16-08-2022,MH02FG2977,2814 6809 0578,,,Rigid,LDPE,,,,,,,
Sana Plastic,SDDD3538,1223,Monthly,SP/65/2022,21-08-2022,Maharashtra,Mumbai,"11,500.00","11,560.00",33481,21-08-2022,2309/ 2314,24-08-2022,MH47AS4862,2914 7066 1604,,,Rigid,LDPE,,,,,,,
Sana Plastic,SDDD3539,1239,Monthly,SP/67/2022,23-08-2022,Maharashtra,Mumbai,"10,170.00","10,160.00",19783,23-08-2022,2362 / 2364,26-08-2022,MH02FG2977,2714 7176 7905,,,Rigid,LDPE,,,,,,,
Shree Ram Enterprise,SDDD3540,1149,Monthly,SRE22-23-40,12-08-2022,Maharashtra,Mumbai,"10,175.00","10,095.00",4687,12-08-2022,2080 / 2083,14-08-2022,MH03CV8930,2214 6742 4093,,,Rigid,LDPE,,,,,,,
Shree Ram Enterprise,SDDD3541,1179,Monthly,SRE22-23-41,14-08-2022,Maharashtra,Ambernath,"9,800.00","9,875.00",43210,14-08-2022,2166 / 2167/2163,18-08-2022,MH48AY5865,2414 6808 6629,,,Rigid,LDPE,,,,,,,
